id,question
0,What is the starting position for push-ups?
0,Which muscle groups are targeted during push-ups?
0,Do I need any equipment to perform push-ups?
0,How do I properly lower my body during a push-up?
0,What type of exercise are push-ups classified as?
1,What body position should I maintain during squats?
1,Which muscle groups are activated when performing squats?
1,Do I need any equipment to perform squats?
1,How should my feet be positioned while doing squats?
1,What is the proper motion for lowering my body during squats?
2,What is the correct starting position for the Plank exercise?
2,Which muscle groups are primarily activated during the Plank?
2,How should my body be aligned while holding a Plank?
2,What type of exercise is Plank classified as?
2,Do I need any equipment to perform the Plank?
3,What is the proper stance for performing a deadlift?
3,Which part of the body does the deadlift primarily work?
3,How should I grasp the barbell before lifting it?
3,What muscles will be activated during a deadlift?
3,Can you describe the movement involved in lifting the barbell?
4,What muscles are targeted by bicep curls?
4,What is the correct starting position for bicep curls?
4,Do I need any equipment to perform bicep curls?
4,How should my elbows be positioned during the exercise?
4,What type of exercise are bicep curls classified as?
5,What equipment do I need for the Kettlebell Swing?
5,Which muscle groups are primarily activated during the Kettlebell Swing?
5,Can you provide me with the correct stance for the Kettlebell Swing?
5,What type of activity does the Kettlebell Swing fall under?
5,What is the main movement technique for swinging the kettlebell up?
6,What equipment do I need to perform the Shoulder Press exercise?
6,Which muscle groups are targeted when doing the Shoulder Press?
6,Can you explain the proper form for the Shoulder Press?
6,Is the Shoulder Press considered a push or pull exercise?
6,What body part does the Shoulder Press primarily work on?
7,What is the primary muscle group targeted by the Lat Pulldown exercise?
7,How should I grip the bar when performing the Lat Pulldown?
7,What is the correct starting position for the Lat Pulldown?
7,Can the Lat Pulldown help strengthen my biceps?
7,What type of exercise equipment is needed for the Lat Pulldown?
8,What equipment do I need for the Hamstring Stretch?
8,How should I position my body during the Hamstring Stretch?
8,Which muscle group does the Hamstring Stretch target?
8,What part of the body is primarily involved in the Hamstring Stretch?
8,Is the Hamstring Stretch considered a mobility exercise?
9,What are jumping jacks primarily used for in fitness routines?
9,Which body parts does performing jumping jacks activate?
9,Do I need any equipment to perform jumping jacks?
9,Can jumping jacks serve as both a cardio and warm-up exercise?
9,What is the correct form for executing a jumping jack?
10,What is the correct starting position for the bench press exercise?
10,Which muscle groups are primarily targeted during the bench press?
10,Can you explain how to perform the bench press correctly?
10,What type of equipment is needed to do a bench press?
10,Is the bench press an upper body exercise or a lower body exercise?
11,What type of exercise are lunges classified as?
11,Which body parts are primarily targeted during lunges?
11,What equipment do I need to perform lunges?
11,Can you explain the proper form for a lunge?
11,What muscle groups are activated when doing lunges?
12,What grip should I use when performing pull-ups?
12,Which muscles are worked during pull-ups?
12,Can I do pull-ups without any equipment?
12,What is the proper technique for doing pull-ups?
12,What part of the body do pull-ups primarily target?
13,What is the starting position for Mountain Climbers?
13,Which muscle groups are activated during Mountain Climbers?
13,Is any equipment needed to perform Mountain Climbers?
13,How should I drive my knees when doing this exercise?
13,Is Mountain Climbers primarily a cardio or strength exercise?
14,What is the primary body part targeted by the Leg Raises exercise?
14,What muscle groups are activated when performing Leg Raises?
14,How should I position my body when doing Leg Raises?
14,What type of activity are Leg Raises categorized under?
14,"Is any equipment needed for Leg Raises, or can it be done with just bodyweight?"
15,What equipment do I need to perform Tricep Dips?
15,Which muscle groups are activated during Tricep Dips?
15,Can you explain the proper technique for executing Tricep Dips?
15,Is Tricep Dips considered a strength exercise?
15,What part of the body is primarily targeted by Tricep Dips?
16,What is the name of the exercise focused on core strength?
16,What muscle groups does the Russian Twists exercise target?
16,What position should I be in while performing Russian Twists?
16,Do I need any equipment to do Russian Twists?
16,How do I execute the twisting motion in Russian Twists?
17,What basic position should I start in when performing burpees?
17,Which muscle groups are primarily targeted during burpees?
17,Can you explain the step-by-step process to correctly perform a burpee?
17,Is any equipment necessary for doing burpees?
17,What type of exercise are burpees classified as?
18,What muscles are primarily worked during Dumbbell Rows?
18,Can you describe the proper form for performing Dumbbell Rows?
18,What type of equipment do I need for Dumbbell Rows?
18,Is Dumbbell Rows an upper body or lower body exercise?
18,What is the main action involved in Dumbbell Rows?
19,What is the primary equipment needed for Goblet Squats?
19,Which muscle groups are activated during Goblet Squats?
19,How should I position the kettlebell while performing Goblet Squats?
19,What type of exercise are Goblet Squats classified as?
19,Which part of the body does Goblet Squats primarily target?
20,What is the starting position for the Glute Bridge exercise?
20,Which muscle groups does the Glute Bridge target?
20,What type of activity is the Glute Bridge classified as?
20,Do I need any equipment to perform the Glute Bridge?
20,How do I properly execute the lift during the Glute Bridge?
21,What equipment do I need to perform the Overhead Tricep Extension?
21,Which muscle group is primarily targeted during this exercise?
21,Can you explain the proper technique for the Overhead Tricep Extension?
21,Is the Overhead Tricep Extension considered a strength exercise?
21,What part of the body does the Overhead Tricep Extension focus on?
22,What is the correct starting position for the Side Plank exercise?
22,Which muscle groups are primarily activated during the Side Plank?
22,Do I need any equipment to perform the Side Plank?
22,How should I position my body when holding the Side Plank?
22,What type of exercise is the Side Plank classified as?
23,What is the primary muscle group targeted by Cable Flyes?
23,Can you describe the stance I should take while performing Cable Flyes?
23,Should my elbows be straight or slightly bent during Cable Flyes?
23,What type of equipment do I need to perform Cable Flyes?
23,Is Cable Flyes considered a push or pull exercise?
24,What type of activity is Step-Ups classified as?
24,What muscle groups are activated during Step-Ups?
24,Do I need any equipment to perform Step-Ups?
24,Can you provide instructions for properly performing Step-Ups?
24,Which body part primarily benefits from Step-Ups?
25,What equipment do I need to perform Barbell Rows?
25,Which muscles are primarily worked during Barbell Rows?
25,Can you describe the stance I should use for this exercise?
25,What is the correct form for rowing the barbell towards my torso?
25,Is Barbell Rows focused on the upper body or lower body?
26,What equipment do I need for the Chest Press exercise?
26,Which muscle groups are primarily activated during the Chest Press?
26,Can you explain how to perform the Chest Press correctly?
26,What part of the body does the Chest Press target?
26,Is the Chest Press considered a push-type exercise?
27,What is the primary muscle group worked during box jumps?
27,Do I need any equipment to perform box jumps?
27,How should I land when I jump onto the box?
27,Can box jumps be considered both a cardio and strength exercise?
27,What body part does the box jump primarily target?
28,What are the main muscle groups worked during Hanging Leg Raises?
28,What equipment do I need to perform Hanging Leg Raises?
28,Can you guide me on how to execute Hanging Leg Raises correctly?
28,What type of exercise is Hanging Leg Raises classified as?
28,Is there a specific position I should hold my legs in while doing Hanging Leg Raises?
29,What is the primary focus of the Farmer's Walk exercise?
29,What type of equipment is required for the Farmer's Walk?
29,Which muscle groups are engaged during the Farmer's Walk?
29,Can the Farmer's Walk be classified as strength or cardio?
29,What is the correct form to maintain while performing the Farmer's Walk?
30,What is the primary muscle group targeted by calf raises?
30,What are the instructions for performing calf raises?
30,Is any equipment needed for calf raises?
30,How does the calf raise exercise affect the lower body?
30,What type of exercise is calf raises considered to be?
31,What type of exercise is Battle Ropes classified as?
31,Which equipment do I need for the Battle Ropes exercise?
31,What specific body parts will get activated while doing Battle Ropes?
31,Can you explain how to properly perform the Battle Ropes exercise?
31,What muscle groups will I be targeting when using Battle Ropes?
32,What is the primary body part targeted by medicine ball slams?
32,What equipment do I need to perform medicine ball slams?
32,Can you describe how to properly execute a medicine ball slam?
32,What muscle groups are activated while doing medicine ball slams?
32,"Is this exercise classified as cardio, strength, or both?"
33,What is the main purpose of performing the Dumbbell Deadlift exercise?
33,Which muscle groups are primarily targeted when doing the Dumbbell Deadlift?
33,Can you describe the correct stance for the Dumbbell Deadlift?
33,What is the proper form for lowering and lifting the weights during a Dumbbell Deadlift?
33,"Is the Dumbbell Deadlift considered a pull exercise, and why?"
34,What equipment do I need to perform the Push Press exercise?
34,Which body parts are targeted during the Push Press?
34,Can you explain the proper form for executing the Push Press?
34,How can I utilize my legs effectively during the Push Press?
34,What muscle groups are primarily worked when doing the Push Press?
35,What muscles are primarily worked during a treadmill run?
35,What type of activity is a treadmill run categorized as?
35,Can you explain how to adjust the treadmill for this exercise?
35,What body part does the treadmill run primarily target?
35,Is the treadmill run considered a pushing or pulling exercise?
36,What is the primary exercise for targeting the pectorals and triceps?
36,Which equipment is needed for performing the incline dumbbell press?
36,What position should I be in to execute the incline dumbbell press correctly?
36,How do I perform the incline dumbbell press correctly?
36,Which muscle groups are engaged during the incline dumbbell press?
37,What equipment do I need for Renegade Rows?
37,Which muscle groups are primarily targeted by this exercise?
37,How do I properly begin the Renegade Rows?
37,What body parts are engaged during the Renegade Rows?
37,Is the Renegade Rows exercise considered a strength training activity?
38,What is the primary muscle group targeted during the Leg Press exercise?
38,Can you describe the proper stance for my feet on the Leg Press machine?
38,What type of equipment do I need to perform the Leg Press exercise?
38,Is the Leg Press considered a push type of exercise?
38,Which body part does the Leg Press primarily work on?
39,What equipment do I need for the Cable Tricep Pushdown exercise?
39,How should I position myself while performing the Cable Tricep Pushdown?
39,Which muscle groups does the Cable Tricep Pushdown primarily target?
39,What is the movement direction during the Cable Tricep Pushdown?
39,What are the instructions for executing the Cable Tricep Pushdown correctly?
40,What muscles are primarily worked during the Single-Leg Deadlift?
40,What is the proper stance to take when performing a Single-Leg Deadlift?
40,What type of equipment do I need to perform the Single-Leg Deadlift?
40,How do I hold the dumbbell while executing the Single-Leg Deadlift?
40,What body part does the Single-Leg Deadlift primarily target?
41,What is the primary muscle group worked during inverted rows?
41,"Do I need any equipment to perform inverted rows, or can I use just my body weight?"
41,What is the proper form for executing inverted rows effectively?
41,"Is this exercise suitable for beginners, or should I have prior experience with strength training?"
41,How do inverted rows compare to other upper body exercises?
42,What position should I stand in when performing the Pallof Press?
42,At what height should the cable handle be set for this exercise?
42,Which muscle groups are primarily targeted by the Pallof Press?
42,How do I perform the Pallof Press to effectively engage my core?
42,Should I be resisting any movement while pushing the handle out?
43,What muscles are primarily activated during the Kettlebell Deadlift?
43,Can you describe the positioning of my feet while performing the Kettlebell Deadlift?
43,What equipment do I need to perform the Kettlebell Deadlift?
43,How do I properly lift the kettlebell from the ground during this exercise?
43,Which type of exercise is the Kettlebell Deadlift classified as?
44,What are Hanging Knee Tucks primarily working on in terms of muscle groups?
44,What equipment do I need to perform Hanging Knee Tucks?
44,Can you explain the steps for executing Hanging Knee Tucks properly?
44,What type of exercise are Hanging Knee Tucks classified as?
44,Which body part is primarily targeted by Hanging Knee Tucks?
45,What muscles are primarily targeted when performing Resistance Band Pull Aparts?
45,What equipment do I need to do Resistance Band Pull Aparts?
45,Can you explain the correct position of my arms during the exercise?
45,Is this exercise suitable for strengthening my upper body?
45,How do I properly execute the pulling motion with the resistance band?
46,What is the proper stance for Bulgarian Split Squats?
46,How do I ensure my front thigh is parallel to the floor during this exercise?
46,Which muscle groups are primarily targeted with Bulgarian Split Squats?
46,"Is bodyweight sufficient for Bulgarian Split Squats, or do I need additional equipment?"
46,Can you explain the movement pattern during the Bulgarian Split Squats?
47,What is the correct starting position for the Seated Shoulder Press exercise?
47,Which muscles are primarily worked during the Seated Shoulder Press?
47,What type of equipment do I need to perform the Seated Shoulder Press?
47,Can you tell me the steps to properly execute the Seated Shoulder Press?
47,Is the Seated Shoulder Press classified as a push or pull exercise?
48,What equipment do I need to perform Incline Push-Ups?
48,Which parts of my body do Incline Push-Ups target?
48,Can you describe the proper form for Incline Push-Ups?
48,What type of activity are Incline Push-Ups classified as?
48,How do I correctly position my hands for Incline Push-Ups?
49,What is the proper setup for performing hip thrusts with a barbell?
49,Which muscle groups are primarily targeted during hip thrusts?
49,Can you explain the correct technique for lifting my hips in this exercise?
49,What type of equipment do I need to perform hip thrusts effectively?
49,Is this exercise considered a push movement or a pull movement?
50,What is the proper stance for performing a Barbell Curl?
50,How do I grip the barbell for this exercise?
50,Which muscles are targeted during the Barbell Curl?
50,What is the movement process of a Barbell Curl?
50,What type of exercise is the Barbell Curl classified as?
51,What is the primary equipment needed for the Cable Row exercise?
51,Which body part does the Cable Row primarily target?
51,Can you explain the correct sitting position for the Cable Row?
51,What muscles are engaged during the Cable Row?
51,How do I properly perform the pulling motion in the Cable Row?
52,What is the starting position for Plank Shoulder Taps?
52,Which muscle groups are primarily targeted during this exercise?
52,How do I maintain stability while tapping my shoulder?
52,Is any equipment required for Plank Shoulder Taps?
52,What type of exercise is the Plank Shoulder Taps classified as?
53,What equipment do I need for the Dumbbell Lateral Raise?
53,What specific body part does this exercise target?
53,Can you describe the proper form for performing a Dumbbell Lateral Raise?
53,What type of exercise is the Dumbbell Lateral Raise categorized as?
53,Which muscle groups are activated during this exercise?
54,What is the Wall Sit exercise primarily targeting in terms of muscle groups?
54,How should I position my feet when performing a Wall Sit?
54,What angle should my knees be at during the Wall Sit?
54,Is any equipment necessary for the Wall Sit exercise?
54,What type of activity is the Wall Sit classified as?
55,What is the Spider Plank exercise primarily targeting?
55,What muscle groups are activated during the Spider Plank?
55,Can I perform the Spider Plank without any equipment?
55,What is the starting position for the Spider Plank?
55,How do I execute the movement in the Spider Plank?
56,What stance should I have while performing the Sumo Deadlift?
56,Which muscle groups are activated during the Sumo Deadlift?
56,How should I position my hands when grasping the barbell?
56,What type of equipment do I need for the Sumo Deadlift?
56,What is the proper technique for lifting the barbell in this exercise?
57,What position should I start in for the Single Arm Dumbbell Row?
57,Which muscle groups are primarily worked during this exercise?
57,How should I hold the dumbbell while performing the exercise?
57,What is the main focus of the Single Arm Dumbbell Row in terms of movement type?
57,Do I need any special equipment besides a dumbbell for this exercise?
58,What muscles are primarily activated during the Kettlebell Clean and Press?
58,Can you explain the proper form for performing a Kettlebell Clean and Press?
58,Is the Kettlebell Clean and Press suitable for a full body workout?
58,What type of movement is the Kettlebell Clean and Press classified as?
58,How do I incorporate the Kettlebell Clean and Press into my strength training routine?
59,What is the primary type of exercise associated with jump rope?
59,Which body parts are primarily engaged when performing jump rope?
59,What equipment do I need to perform jump rope exercises?
59,Can jump rope be classified as a push exercise?
59,How do I correctly perform jump rope to maintain a steady rhythm?
60,What is the proper form for performing a side lunge?
60,Which muscles are targeted when doing a side lunge?
60,Do I need any equipment to do a side lunge?
60,Can you explain the movement involved in a side lunge?
60,Is the side lunge primarily a strength exercise for the lower body?
61,What is the Machine Chest Fly exercise primarily designed to target?
61,Can I perform the Machine Chest Fly using free weights instead of a machine?
61,What steps should I follow to execute the Machine Chest Fly correctly?
61,What muscle groups do I activate when performing the Machine Chest Fly?
61,Is the Machine Chest Fly considered a push or pull exercise?
62,What muscles are primarily targeted during the Hack Squat exercise?
62,Can you describe the proper stance to use while performing a Hack Squat on the machine?
62,How should I position my feet when using the Hack Squat machine?
62,What is the correct movement pattern for executing a Hack Squat?
62,Is the Hack Squat more beneficial for strengthening the lower body compared to other exercises?
63,What is the correct position for my feet during decline push-ups?
63,Which muscle groups are primarily worked by decline push-ups?
63,How do I perform a decline push-up correctly?
63,What type of equipment do I need for decline push-ups?
63,Is the decline push-up suitable for improving upper body strength?
64,What equipment do I need for the Band Face Pull exercise?
64,Which muscle groups are activated when performing the Band Face Pull?
64,Can you explain the proper way to perform the Band Face Pull?
64,What part of the body does the Band Face Pull primarily target?
64,Is the Band Face Pull considered a strength or cardio exercise?
65,What is the primary muscle group targeted by the Ab Wheel Rollout?
65,Can you explain the initial position for performing the Ab Wheel Rollout?
65,What kind of equipment do I need for the Ab Wheel Rollout exercise?
65,How do I maintain stability while rolling the wheel forward?
65,Is the Ab Wheel Rollout considered a push type of exercise?
66,What position should I be in to perform Side Leg Raises effectively?
66,Which leg do I need to lift when doing this exercise?
66,What muscles are engaged during Side Leg Raises?
66,Are any equipment required to perform Side Leg Raises?
66,What type of exercise is Side Leg Raises classified as?
67,What equipment do I need for the Romanian Deadlift?
67,Which muscle groups are targeted during this exercise?
67,Can you describe the proper form for performing a Romanian Deadlift?
67,Is the Romanian Deadlift primarily a pulling or pushing exercise?
67,Which part of my body will feel the most strain while doing this exercise?
68,What is the main focus of the Arnold Press exercise?
68,Which muscle groups does the Arnold Press work on?
68,What equipment do I need to perform the Arnold Press?
68,Can you explain the proper technique for the Arnold Press?
68,Is the Arnold Press suitable for beginners?
69,What is the primary muscle group targeted by the Landmine Press exercise?
69,Which type of equipment do I need to perform the Landmine Press?
69,What is the proper technique for pressing the barbell during the Landmine Press?
69,Is the Landmine Press considered a push exercise?
69,What body part does the Landmine Press focus on?
70,What are tuck jumps primarily targeting in terms of muscle activation?
70,Can you explain the correct technique for performing tuck jumps?
70,What equipment do I need to do tuck jumps?
70,Are tuck jumps considered a strength or cardio exercise?
70,How should I land after completing a tuck jump?
71,What is the primary muscle group targeted by the Windshield Wipers exercise?
71,Can you describe the initial position I should start in for doing Windshield Wipers?
71,Is any special equipment needed to perform Windshield Wipers?
71,What type of exercise is Windshield Wipers classified as?
71,How should I move my legs while performing the Windshield Wipers?
72,What equipment do I need to perform Dumbbell Shrugs?
72,Which muscle group is primarily targeted by Dumbbell Shrugs?
72,Can you explain the proper stance for doing Dumbbell Shrugs?
72,What is the correct motion for Dumbbell Shrugs?
72,Is Dumbbell Shrugs classified as a strength exercise?
73,What muscles are primarily activated during the Sled Push exercise?
73,What type of equipment do I need to perform the Sled Push?
73,Can I integrate the Sled Push into both cardio and strength workouts?
73,What is the correct form I should maintain while pushing the sled?
73,Is the Sled Push suitable for full body workouts?
74,What equipment do I need to perform a Cable Bicep Curl?
74,Which muscle groups are primarily targeted by the Cable Bicep Curl?
74,Can you describe the correct stance to adopt when executing this exercise?
74,What is the starting position for a Cable Bicep Curl?
74,How do I execute the movement for the Cable Bicep Curl correctly?
75,What is the primary muscle group worked during the Dumbbell Kickback?
75,Can I perform the Dumbbell Kickback without any equipment?
75,How should my body be positioned while doing the Dumbbell Kickback?
75,What type of exercise is the Dumbbell Kickback classified as?
75,How do I properly execute the movement for the Dumbbell Kickback?
76,What is the primary muscle group targeted by Flutter Kicks?
76,Do I need any equipment to perform Flutter Kicks?
76,How do I properly execute Flutter Kicks?
76,In what position should I start when doing Flutter Kicks?
76,What is the main focus of Flutter Kicks?
77,What type of activity is High Knees classified as?
77,Which muscle groups are primarily activated during High Knees?
77,Do I need any equipment to perform High Knees?
77,Can you describe how to properly perform High Knees?
77,What part of the body does High Knees work out?
78,What type of physical activity do Sledgehammer Slams fall under?
78,What equipment do I need to perform Sledgehammer Slams?
78,Which muscle groups are primarily activated during Sledgehammer Slams?
78,Can you explain the proper technique for executing Sledgehammer Slams?
78,"Is this exercise primarily for cardio, strength, or both?"
79,What equipment do I need to perform Lateral Step-Ups?
79,Which muscle groups are activated during Lateral Step-Ups?
79,Can you explain the steps involved in executing Lateral Step-Ups?
79,Is Lateral Step-Ups considered a strength exercise?
79,Which body part primarily gets worked with Lateral Step-Ups?
80,What is the primary muscle group targeted by the Cable Chest Press?
80,What type of exercise is the Cable Chest Press classified as?
80,What equipment do I need to perform the Cable Chest Press?
80,Can you describe the starting position for the Cable Chest Press?
80,Which body part does the Cable Chest Press primarily focus on?
81,What muscles does the TRX Rows exercise target specifically?
81,Can you explain the correct posture I should maintain while performing TRX Rows?
81,How do I properly grip the handles during TRX Rows?
81,What type of exercise is TRX Rows classified as?
81,Is TRX Rows primarily for my upper body strength?
82,What is the main equipment needed for Medicine Ball Russian Twists?
82,Which muscles are primarily targeted during this exercise?
82,Can you explain how to properly perform a Medicine Ball Russian Twist?
82,What body part does the Medicine Ball Russian Twist mainly focus on?
82,Is the Medicine Ball Russian Twist considered a strength exercise?
83,What is the Pendlay Row specifically used for in strength training?
83,Which equipment do I need to perform the Pendlay Row?
83,Can you describe the correct form for the Pendlay Row?
83,Which muscle groups are primarily engaged while doing the Pendlay Row?
83,What type of exercise is the Pendlay Row classified as: a push or a pull?
84,What muscles are targeted when performing the Side Plank with Leg Lift?
84,How should I position my body during the Side Plank with Leg Lift?
84,Is any special equipment required for the Side Plank with Leg Lift?
84,What type of exercise is the Side Plank with Leg Lift classified as?
84,What is the main focus of the Side Plank with Leg Lift in terms of body parts?
85,What is the primary muscle group targeted during the Hip Abduction exercise?
85,How do I perform the Hip Abduction on the machine?
85,Is the Hip Abduction considered a strength exercise?
85,What type of equipment do I need for the Hip Abduction?
85,Which body part does the Hip Abduction focus on?
86,What type of exercise is the Dumbbell Front Raise?
86,Which body part does the Dumbbell Front Raise target?
86,What equipment do I need to perform the Dumbbell Front Raise?
86,How should my hands be positioned when starting the Dumbbell Front Raise?
86,What is the main muscle group activated during the Dumbbell Front Raise?
87,What muscles do chin-ups primarily target?
87,How should I grip the bar when performing chin-ups?
87,Can you describe the movement involved in chin-ups?
87,What type of equipment do I need to perform chin-ups?
87,Is chin-ups an upper body or lower body exercise?
88,What is the Box Squat exercise primarily targeting in terms of muscle groups?
88,Can you describe the setup required for performing a Box Squat?
88,What is the main equipment needed to perform a Box Squat?
88,How do I correctly perform a Box Squat?
88,Is the Box Squat considered a push exercise or a pull exercise?
89,What type of physical activity does Battle Rope Waves fall under?
89,Which body parts are primarily worked during Battle Rope Waves?
89,What specific equipment do I need to perform Battle Rope Waves?
89,How do I properly execute the Battle Rope Waves exercise?
89,What muscle groups will I activate when doing Battle Rope Waves?
90,What are the primary muscles worked in the Zercher Squat?
90,How do I properly hold the barbell during a Zercher Squat?
90,What is the correct depth for the squat in this exercise?
90,Is the Zercher Squat considered a push or pull exercise?
90,What type of equipment do I need to perform the Zercher Squat?
91,What type of exercise is a Walking Lunge?
91,Which equipment is needed for Walking Lunges?
91,What main body part does Walking Lunges target?
91,Can you describe the correct technique for performing a Walking Lunge?
91,What muscle groups are engaged when doing Walking Lunges?
92,What type of exercise is the kettlebell snatch considered?
92,Which body parts are primarily worked when performing the kettlebell snatch?
92,Can you explain the main movement of the kettlebell snatch?
92,What type of equipment do I need to perform a kettlebell snatch?
92,Is the kettlebell snatch primarily a pushing or pulling exercise?
93,What is the primary muscle group targeted by the Single-Leg Glute Bridge exercise?
93,Can the Single-Leg Glute Bridge be performed without any equipment?
93,What position should my legs be in while doing the Single-Leg Glute Bridge?
93,What type of exercise is the Single-Leg Glute Bridge categorized as?
93,How do you execute the movement of lifting your hips during the Single-Leg Glute Bridge?
94,What are TRX Push-Ups and how are they performed?
94,Which muscle groups are activated during TRX Push-Ups?
94,What equipment do I need to perform TRX Push-Ups?
94,Is TRX Push-Ups suitable for strengthening the upper body?
94,What is the correct position for my body while doing TRX Push-Ups?
95,What is the primary muscle group activated by the Machine Leg Curl exercise?
95,How should I position myself on the leg curl machine?
95,Can you describe the movement involved in the Machine Leg Curl?
95,What is the primary body part targeted by this exercise?
95,Is the Machine Leg Curl considered a strength or cardio exercise?
96,What muscles are primarily worked during the Incline Bench Press?
96,Could you explain the setup for performing the Incline Bench Press?
96,What type of equipment do I need for the Incline Bench Press?
96,What body part does the Incline Bench Press primarily target?
96,What is the correct movement technique for the Incline Bench Press?
97,What equipment do I need for the Resistance Band Deadlift?
97,Which muscle groups are activated when performing the Resistance Band Deadlift?
97,Can you describe the proper stance for this exercise?
97,What is the main movement involved in the Resistance Band Deadlift?
97,How do I position my body before lifting the resistance band?
98,What equipment do I need for the Decline Bench Press exercise?
98,Which muscle groups are activated when performing the Decline Bench Press?
98,Can you describe the proper form for the Decline Bench Press?
98,What is the primary type of activity for the Decline Bench Press?
98,How should I position my body on the decline bench during this exercise?
99,What muscles are primarily worked during the Dumbbell Step-Up exercise?
99,What type of activity is the Dumbbell Step-Up classified as?
99,Do I need any specific equipment to perform the Dumbbell Step-Up?
99,Can you explain the proper form for executing a Dumbbell Step-Up?
99,Is the Dumbbell Step-Up considered a push or pull exercise?
100,What type of exercise is the Cable Lateral Raise?
100,Which equipment do I need to perform the Cable Lateral Raise?
100,What body part does the Cable Lateral Raise primarily target?
100,Can you explain how to properly perform the Cable Lateral Raise?
100,What muscle groups are activated during the Cable Lateral Raise?
101,What type of exercise is a Reverse Lunge?
101,What equipment do I need to perform a Reverse Lunge?
101,Which part of the body does the Reverse Lunge primarily target?
101,What are the main muscle groups activated during a Reverse Lunge?
101,Can you explain how to properly execute a Reverse Lunge?
102,What muscles are activated when performing Toe Touches?
102,How should I position my legs during the Toe Touches exercise?
102,Is any equipment needed for Toe Touches?
102,Can you describe the starting position for Toe Touches?
102,What type of exercise is Toe Touches classified as?
103,What muscles are primarily targeted during the Machine Leg Extension exercise?
103,How should I position myself on the leg extension machine?
103,What is the correct motion for the Machine Leg Extension?
103,Is the Machine Leg Extension considered a push or pull type exercise?
103,Which body part does the Machine Leg Extension focus on?
104,What is the primary muscle group worked by the Dumbbell Pullover?
104,Can you explain how to perform the Dumbbell Pullover correctly?
104,What type of equipment do I need for the Dumbbell Pullover exercise?
104,Is the Dumbbell Pullover considered a strength exercise or a cardio workout?
104,Which body part does the Dumbbell Pullover primarily target?
105,What specific muscle group does the Barbell Shrug target?
105,Can you describe the starting position for performing a Barbell Shrug?
105,How should I position my feet while doing the Barbell Shrug?
105,What is the correct movement for the shoulders during the Barbell Shrug?
105,"Is it necessary to use a barbell for this exercise, or can I use other equipment?"
106,What muscles are worked during the T-Bar Row exercise?
106,What type of equipment do I need for the T-Bar Row?
106,What is the correct stance when performing the T-Bar Row?
106,How do I execute the rowing motion in the T-Bar Row?
106,Is the T-Bar Row considered a strength or cardio exercise?
107,What muscles are primarily worked by the Bulgarian Deadlift?
107,What equipment do I need to perform the Bulgarian Deadlift?
107,Can you describe the stance for the Bulgarian Deadlift?
107,Is the Bulgarian Deadlift a push or pull exercise?
107,Which body part does the Bulgarian Deadlift target?
108,What is the primary focus of the Pistol Squat exercise?
108,Can I perform the Pistol Squat without any equipment?
108,Which muscle groups are worked during the Pistol Squat?
108,What are the steps involved in performing a Pistol Squat correctly?
108,Is the Pistol Squat primarily a push or pull exercise?
109,What is the primary muscle group targeted by the Seated Leg Curl exercise?
109,Can you describe the main instruction for performing the Seated Leg Curl?
109,What type of equipment is needed to perform the Seated Leg Curl?
109,Is the Seated Leg Curl considered a strength activity or a cardio activity?
109,Which body part does the Seated Leg Curl primarily work on?
110,What is the main purpose of the Russian Kettlebell Swing exercise?
110,Which equipment do I need to perform the Russian Kettlebell Swing?
110,What body parts are primarily targeted during this exercise?
110,Can you explain the correct technique for executing a kettlebell swing?
110,Is the Russian Kettlebell Swing more focused on cardio or strength training?
111,What equipment do I need to perform the Incline Dumbbell Curl exercise?
111,Which muscle groups are targeted by the Incline Dumbbell Curl?
111,What is the proper position to start the Incline Dumbbell Curl?
111,Can you describe the movement involved in the Incline Dumbbell Curl?
111,Is the Incline Dumbbell Curl considered a pull type exercise?
112,What is the proper position for performing decline sit-ups?
112,Which muscle groups are primarily targeted during decline sit-ups?
112,What type of equipment do I need for decline sit-ups?
112,How should I execute the movement during decline sit-ups?
112,Is this exercise considered a strength activity?
113,What is the starting position for Side Plank Dips?
113,Which muscle groups are primarily activated during this exercise?
113,How do I properly perform the movement of lowering and lifting my hips in a Side Plank Dip?
113,What type of equipment do I need to perform Side Plank Dips?
113,Is the Side Plank Dips exercise mainly for core strength?
114,What is the primary equipment needed for the Single Arm Kettlebell Swing?
114,Which muscle groups are engaged during the exercise?
114,How should I position the kettlebell while performing the swing?
114,What is the correct movement to initiate the Single Arm Kettlebell Swing?
114,Is this exercise primarily a strength-based activity?
115,What muscles are targeted by jumping squats?
115,How do you properly execute a jumping squat?
115,Is any equipment needed for jumping squats?
115,What type of workout does jumping squats fall under?
115,Which body part is primarily worked during jumping squats?
116,What is the primary purpose of the Cable Chest Fly exercise?
116,Which part of the body does the Cable Chest Fly mainly target?
116,What type of equipment is required to perform the Cable Chest Fly?
116,Can you describe the correct starting position for the Cable Chest Fly?
116,What movement should be performed after bringing the handles together in front?
117,What is the correct way to position the dumbbell for a tricep extension?
117,Which body part is primarily targeted during the dumbbell tricep extension?
117,How do I perform the movement correctly for maximum effectiveness?
117,What type of exercise is the dumbbell tricep extension classified as?
117,What type of equipment do I need for this exercise?
118,What equipment do I need for the Leg Curl exercise?
118,Which part of the body is primarily worked by the Leg Curl?
118,Can you explain the proper technique for performing a Leg Curl?
118,Is the Leg Curl considered a strength training exercise?
118,What muscle group is targeted when doing the Leg Curl?
119,What is the starting position for the One-Arm Push-Up?
119,Which muscle groups are activated during the One-Arm Push-Up?
119,What body part does the One-Arm Push-Up primarily target?
119,What should I do after lowering my body in the One-Arm Push-Up?
119,Is any equipment required to perform the One-Arm Push-Up?
120,What is the proper way to perform the Machine Shoulder Press?
120,Which muscle groups are primarily worked during the Machine Shoulder Press?
120,What type of equipment is needed for the Machine Shoulder Press?
120,Is the Machine Shoulder Press considered a push exercise?
120,What part of the body does the Machine Shoulder Press target?
121,What stance should I take when performing the sumo squat?
121,How low should I lower my hips during the exercise?
121,What muscles are primarily activated when doing sumo squats?
121,Is any equipment required for this exercise?
121,What type of exercise classification does sumo squat fall under?
122,What is the primary equipment needed for the Resistance Band Squat?
122,Which muscle groups are targeted during the Resistance Band Squat?
122,Can you describe how to position my feet during this exercise?
122,What body part does the Resistance Band Squat primarily focus on?
122,Is the Resistance Band Squat considered a strength training exercise?
123,What is the correct starting position for a One-Legged Squat?
123,Which muscles are primarily worked during the One-Legged Squat?
123,How do I perform the One-Legged Squat correctly?
123,Do I need any equipment to do a One-Legged Squat?
123,Is the One-Legged Squat considered a strength exercise?
124,What setup is required for the Landmine Row exercise?
124,Which muscle groups are primarily targeted when performing the Landmine Row?
124,Can you explain the correct technique for executing a Landmine Row?
124,Is there a specific type of barbell needed for the Landmine Row?
124,What body part does the Landmine Row mainly focus on?
125,What is the starting position for the Superman Exercise?
125,Which muscle groups are primarily targeted by this exercise?
125,How do I perform the Superman Exercise correctly?
125,What type of equipment do I need for the Superman Exercise?
125,Is the Superman Exercise focused on strength training or cardio?
126,What is the primary muscle group targeted during Dumbbell Flyes?
126,What type of exercise is Dumbbell Flyes classified as?
126,What equipment do I need to perform Dumbbell Flyes?
126,Can you describe the starting position for Dumbbell Flyes?
126,Is Dumbbell Flyes considered a push exercise?
127,What is the main purpose of the Reverse Fly exercise?
127,Which muscle groups are primarily worked during the Reverse Fly?
127,Can I perform the Reverse Fly without using dumbbells?
127,How should I position my body while doing the Reverse Fly?
127,Is the Reverse Fly considered a pull exercise?
128,What equipment do I need for Cable Kickbacks?
128,Which body parts are targeted during Cable Kickbacks?
128,Can you describe how to perform Cable Kickbacks correctly?
128,What muscle groups are activated when doing Cable Kickbacks?
128,Is Cable Kickbacks considered a strength exercise?
129,How do I properly hold the kettlebell for the push press exercise?
129,Which muscles are targeted when performing the kettlebell push press?
129,Can you explain the steps for executing the kettlebell push press?
129,What body parts are primarily involved in the kettlebell push press?
129,Is it necessary to engage my legs during the kettlebell push press?
130,What is the Dead Bug exercise and how is it performed?
130,Which muscles are targeted when performing the Dead Bug exercise?
130,Do I need any equipment to do the Dead Bug exercise?
130,What is the primary body part worked during the Dead Bug?
130,What should I focus on to maintain proper form during the Dead Bug?
131,What muscles are primarily targeted by the Smith Machine Squat?
131,Can you describe the proper form for performing a Smith Machine Squat?
131,What type of exercise is the Smith Machine Squat classified as?
131,"Is equipment necessary for the Smith Machine Squat, and if so, what type?"
131,What body part does the Smith Machine Squat mainly work?
132,What is the correct position on the hyperextension bench for the Reverse Hyperextension exercise?
132,Which muscle groups are primarily targeted by the Reverse Hyperextension?
132,How do I properly perform the movement of lifting my legs in this exercise?
132,Is the Reverse Hyperextension exercise suitable for strengthening my lower back?
132,What type of equipment do I need to perform the Reverse Hyperextension?
133,What muscles are primarily activated during the Landmine Twist exercise?
133,What is the main equipment required to perform the Landmine Twist?
133,How should I position my core while doing the Landmine Twist?
133,What is the correct way to hold the barbell during this exercise?
133,In which direction do I rotate the barbell while performing the Landmine Twist?
134,What body parts are primarily targeted by the Machine Row exercise?
134,Can you explain the proper positioning for the Machine Row?
134,What muscle groups are activated during the Machine Row?
134,Is the Machine Row considered a strength training exercise?
134,What is the correct movement pattern for performing the Machine Row?
135,What equipment do I need to perform the Seated Calf Raise exercise?
135,Which body part does the Seated Calf Raise primarily target?
135,Can you describe the proper form for the Seated Calf Raise?
135,What is the main action performed during the Seated Calf Raise?
135,Is the Seated Calf Raise considered a strength exercise?
136,What muscles are primarily activated when performing the Kettlebell Windmill?
136,Can you explain the correct form to hold the kettlebell during this exercise?
136,Which body part is mainly targeted by the Kettlebell Windmill?
136,Is this exercise considered a strength or cardio workout?
136,What equipment do I need to perform the Kettlebell Windmill?
137,What is the Incline Barbell Bench Press and what equipment do I need?
137,Which muscle groups are primarily targeted during the Incline Barbell Bench Press?
137,Can you describe the proper technique for performing the Incline Barbell Bench Press?
137,What is the position of my body while doing the Incline Barbell Bench Press?
137,Is the Incline Barbell Bench Press considered a push or pull exercise?
138,What is the correct way to hold the kettlebell during the Goblet Squat?
138,Which body parts are primarily targeted by the Kettlebell Goblet Squat?
138,Can you explain the proper form for performing a Goblet Squat?
138,What type of exercise classification does the Kettlebell Goblet Squat fall under?
138,Is this exercise primarily focused on pushing or pulling movements?
139,What is a dumbbell thruster and how do I perform it?
139,Which muscle groups are primarily worked during dumbbell thrusters?
139,What equipment do I need for dumbbell thrusters?
139,Is the dumbbell thruster effective for full body workouts?
139,What is the proper form to maintain while doing dumbbell thrusters?
140,What is the primary muscle group targeted by the Lying Leg Curl exercise?
140,What type of equipment do I need to perform the Lying Leg Curl?
140,Can you describe the starting position for the Lying Leg Curl?
140,Is the Lying Leg Curl classified as a pull exercise or a push exercise?
140,What body part does the Lying Leg Curl primarily focus on?
141,What is the correct stance for performing a Dumbbell Hammer Curl?
141,Which muscle groups are primarily worked during the Dumbbell Hammer Curl?
141,How should I grip the dumbbells while doing this exercise?
141,What is the movement involved in a Dumbbell Hammer Curl?
141,Is this exercise meant for the upper body or lower body?
142,What equipment do I need to perform the Landmine Squat Press?
142,Which muscle groups are targeted when I do the Landmine Squat Press?
142,Can you describe the proper technique for executing the Landmine Squat Press?
142,Is the Landmine Squat Press suitable for full body workouts?
142,What type of activity is the Landmine Squat Press classified as?
143,What is the main muscle group targeted by the Zottman Curl?
143,What type of grip do you use when curling the weights in the Zottman Curl?
143,What equipment do I need to perform the Zottman Curl?
143,How should my feet be positioned when doing the Zottman Curl?
143,What is the correct technique for lowering the weights in the Zottman Curl?
144,What is the correct way to perform a Cable Crunch?
144,Which muscle group does the Cable Crunch primarily target?
144,What type of equipment do I need to do the Cable Crunch?
144,What position should I start in when doing Cable Crunches?
144,Is it important to keep my back straight during the Cable Crunch?
145,What is the primary muscle group targeted by the Stability Ball Pike exercise?
145,How should I position my body when starting the Stability Ball Pike?
145,What type of equipment is required to perform the Stability Ball Pike?
145,Can you describe the movement involved in the Stability Ball Pike exercise?
145,Is the Stability Ball Pike considered a strength or flexibility exercise?
146,What is the proper starting position for the Standing Calf Raise exercise?
146,How do I correctly perform a Standing Calf Raise?
146,Which muscle groups are targeted during the Standing Calf Raise?
146,What type of equipment do I need for the Standing Calf Raise?
146,Is the Standing Calf Raise considered a strength exercise or a cardio exercise?
147,What equipment do I need to perform the Cable Kickback exercise?
147,Which part of my body does the Cable Kickback primarily target?
147,Can you describe the proper stance and movement for the Cable Kickback?
147,What type of exercise is the Cable Kickback classified as?
147,Is the Cable Kickback more focused on strength training or cardio?
148,What is the starting position for Spider Push-Ups?
148,Which muscle groups are engaged during Spider Push-Ups?
148,How do I perform the knee movement while doing Spider Push-Ups?
148,Do I need any equipment to do Spider Push-Ups?
148,Is there a specific body part that Spider Push-Ups target?
149,What equipment do I need for the Resistance Band Chest Press exercise?
149,Which muscle groups are activated when performing the Resistance Band Chest Press?
149,Can you provide the instructions for how to properly perform the Resistance Band Chest Press?
149,What type of activity is the Resistance Band Chest Press classified as?
149,Is the Resistance Band Chest Press primarily a push or pull exercise?
150,What equipment do I need for the One-Arm Dumbbell Row exercise?
150,Which muscle groups are activated during the One-Arm Dumbbell Row?
150,Can you describe the starting position for performing the One-Arm Dumbbell Row?
150,Is the One-Arm Dumbbell Row considered a strength or cardio exercise?
150,What body part does the One-Arm Dumbbell Row primarily target?
151,What is the primary position for performing the Incline Chest Press exercise?
151,Which equipment do I need to perform the Incline Chest Press?
151,What muscle groups are worked during the Incline Chest Press?
151,Can you describe the motion involved in the Incline Chest Press?
151,Is the Incline Chest Press more focused on pushing or pulling movements?
152,What is the primary muscle group targeted by the Machine Preacher Curl exercise?
152,Can you describe the correct sitting position on the preacher curl machine?
152,How should I perform the curling motion during the exercise?
152,What type of equipment do I need for the Machine Preacher Curl?
152,Is the Machine Preacher Curl classified as a strength training or cardio exercise?
153,What is the correct way to perform Hanging Knee Raises?
153,Which muscles are primarily targeted during Hanging Knee Raises?
153,Do I need any equipment to do Hanging Knee Raises?
153,How should I position my legs during the exercise?
153,Is there a specific body part that Hanging Knee Raises focus on?
154,What position should I be in when performing the Decline Dumbbell Press?
154,Which muscles are primarily targeted by the Decline Dumbbell Press?
154,What equipment do I need to perform the Decline Dumbbell Press?
154,Can you describe the movement involved in the Decline Dumbbell Press?
154,Is the Decline Dumbbell Press suitable for upper body strength training?
155,What is the starting position for the Glute Kickback exercise?
155,Which muscle groups are primarily activated during the Glute Kickback?
155,How should I perform the kick during the Glute Kickback?
155,Is any equipment needed for the Glute Kickback?
155,What type of activity is the Glute Kickback categorized as?
156,What muscle groups does the Machine Chest Press target?
156,How do I properly position myself on the chest press machine?
156,What type of exercise is the Machine Chest Press categorized as?
156,Can you explain the motion involved in the Machine Chest Press?
156,What body part is primarily worked during the Machine Chest Press?
157,What body part does the Single-Leg Squat primarily target?
157,How do you perform the Single-Leg Squat correctly?
157,Which muscle groups are activated during this exercise?
157,Is any equipment needed for the Single-Leg Squat?
157,What type of strength activity is the Single-Leg Squat categorized as?
158,What is the starting position for the Push-Up to Row exercise?
158,Which equipment do I need to perform the Push-Up to Row?
158,What muscles are primarily worked during the Push-Up to Row?
158,Can you explain the steps involved in executing the Push-Up to Row?
158,Is the Push-Up to Row considered a push or pull exercise?
159,What is the name of the exercise that targets the upper body using a Smith machine?
159,Which muscle groups are primarily activated during the Smith Machine Row?
159,Can you describe the proper stance for performing the Smith Machine Row?
159,What type of exercise is the Smith Machine Row classified as?
159,What movement pattern does the Smith Machine Row utilize?
160,What is the primary muscle group targeted by the Lat Pullover exercise?
160,What equipment do I need to perform the Lat Pullover?
160,Can you describe the starting position for the Lat Pullover?
160,What are the steps involved in performing a Lat Pullover?
160,Which part of the body does the Lat Pullover primarily work?
161,What muscles are primarily activated during the Smith Machine Shoulder Press?
161,How should I position myself on the bench when performing this exercise?
161,What is the correct movement pattern for the Smith Machine Shoulder Press?
161,Which type of equipment is required for this exercise?
161,Is the Smith Machine Shoulder Press focused on a push or pull movement?
162,What is the Cable Woodchopper exercise designed to strengthen?
162,Which muscle groups are activated during the Cable Woodchopper?
162,How do you properly perform the Cable Woodchopper?
162,What type of equipment do I need for the Cable Woodchopper?
162,In which direction should I stand relative to the cable machine for the Cable Woodchopper?
163,What is the primary body part targeted by the Machine Back Extension exercise?
163,Which muscle groups are activated during the Machine Back Extension?
163,How should I position my feet while using the back extension machine?
163,Can you describe the movement pattern involved in the Machine Back Extension?
163,Is the Machine Back Extension primarily a strength or cardio exercise?
164,What is the primary muscle group activated by the Prone Leg Curl exercise?
164,How do I perform the Prone Leg Curl correctly?
164,What position should I be in when using the leg curl machine?
164,Is the Prone Leg Curl considered a strength training exercise?
164,Which body part does the Prone Leg Curl target?
165,What is the Seated Dumbbell Press targeting in terms of muscle groups?
165,How should I position my dumbbells when starting the Seated Dumbbell Press?
165,What is the correct movement for the Seated Dumbbell Press?
165,Which part of the body does the Seated Dumbbell Press primarily work out?
165,Is the Seated Dumbbell Press considered a push or pull exercise?
166,What is the proper starting position for the Weighted Plank exercise?
166,Which muscle groups are engaged during the Weighted Plank?
166,How do I ensure my body remains straight while holding the Weighted Plank?
166,What type of equipment is needed for the Weighted Plank exercise?
166,Is the Weighted Plank primarily a strength or cardio exercise?
167,What is the main purpose of using the Step Mill exercise?
167,Which muscle groups are primarily targeted when using the Step Mill?
167,Can you explain how to perform the Step Mill exercise correctly?
167,Is the Step Mill considered a cardio workout?
167,What type of equipment is used for the Step Mill exercise?
168,What equipment do I need to perform the Standing Resistance Band Row?
168,Which muscle groups are primarily worked by this exercise?
168,Can you explain the correct form for pulling the handles during this exercise?
168,What body part does the Standing Resistance Band Row focus on?
168,Is this exercise considered a strength or cardio workout?
169,What is the primary focus of the Dumbbell Lunge exercise?
169,Which equipment is required to perform the Dumbbell Lunge?
169,How should the Dumbbell Lunge be executed step-by-step?
169,What muscle groups are targeted by the Dumbbell Lunge?
169,Is the Dumbbell Lunge classified as a push or pull exercise?
170,What is the primary muscle group targeted by the Reverse Curl exercise?
170,What type of grip should I use when performing the Reverse Curl?
170,"Do I need any equipment for the Reverse Curl, and if so, what kind?"
170,How should my feet be positioned while doing the Reverse Curl?
170,Is the Reverse Curl focused on pulling or pushing movements?
171,What is the primary muscle group targeted by the Banded Pull-Up exercise?
171,What type of equipment do I need to perform a Banded Pull-Up?
171,How do I properly set up for a Banded Pull-Up?
171,What body part does the Banded Pull-Up focus on strengthening?
171,What is the technique for executing a Banded Pull-Up correctly?
172,What equipment do I need to perform the Cable Face Pull exercise?
172,Which muscle groups are primarily activated during the Cable Face Pull?
172,Can you explain how to properly execute the Cable Face Pull?
172,What type of activity is the Cable Face Pull categorized under?
172,Which part of the body does the Cable Face Pull specifically target?
173,What equipment do I need to perform the Turkish Get-Up exercise?
173,Which muscle groups are activated when doing the Turkish Get-Up?
173,How should I position my body before starting the Turkish Get-Up?
173,What is the primary action involved in the Turkish Get-Up?
173,Is the Turkish Get-Up considered a strength or cardio exercise?
174,What equipment do I need for Weighted Russian Twists?
174,Which muscles are activated during the Weighted Russian Twists exercise?
174,Can you explain the proper form for performing Weighted Russian Twists?
174,Is Weighted Russian Twists effective for strengthening my core?
174,What is the correct position for my legs when doing Weighted Russian Twists?
175,What is the proper stance when performing the Cable Front Raise?
175,At what height should I raise the handle during the exercise?
175,Which muscles are primarily targeted by the Cable Front Raise?
175,What type of equipment is required for the Cable Front Raise?
175,Is the Cable Front Raise considered a push or pull exercise?
176,What is the proper starting position for a reverse crunch?
176,Which muscle groups are primarily targeted during the reverse crunch?
176,How should I perform the movement of lifting my hips during the reverse crunch?
176,What type of exercise is a reverse crunch categorized as?
176,Do I need any equipment to perform a reverse crunch?
177,What equipment do I need for the Cable Tricep Kickback exercise?
177,Which muscle group is primarily targeted by this exercise?
177,Can you describe the correct form for performing the Cable Tricep Kickback?
177,What type of activity is the Cable Tricep Kickback considered?
177,What is the starting position for the Cable Tricep Kickback?
178,What is the Copenhagen Plank and how is it performed?
178,Which muscle groups are engaged during the Copenhagen Plank?
178,Do I need any equipment to perform the Copenhagen Plank?
178,What position should my legs be in while doing the Copenhagen Plank?
178,Is the Copenhagen Plank a strength or cardio exercise?
179,What is the primary equipment used for the Smith Machine Incline Press?
179,Which muscle groups are primarily targeted during this exercise?
179,Can you describe the starting position for the Smith Machine Incline Press?
179,What type of exercise is the Smith Machine Incline Press categorized as?
179,What action should I perform with the bar during this exercise?
180,What equipment do I need for the Cable Lat Pulldown exercise?
180,Which muscle groups are primarily worked during the Cable Lat Pulldown?
180,Can you explain the setup process for the Cable Lat Pulldown?
180,What is the proper way to grip the bar for this exercise?
180,How should I perform the movement during the Cable Lat Pulldown?
181,What equipment do I need for the Cable Side Lunge exercise?
181,Which muscle groups does the Cable Side Lunge activate?
181,Can you explain the steps involved in performing a Cable Side Lunge?
181,Is the Cable Side Lunge primarily a strength exercise?
181,Which body part does the Cable Side Lunge focus on?
182,What is the primary muscle group targeted by the Dumbbell Bent-Over Row?
182,How should I position my feet when performing this exercise?
182,What type of equipment do I need for the Dumbbell Bent-Over Row?
182,Can you describe the proper body position during the exercise?
182,Is the Dumbbell Bent-Over Row classified as a push or pull exercise?
183,What is the primary focus of the Lateral Lunge exercise?
183,Which muscle groups are activated when performing Lateral Lunges?
183,How do I properly execute a Lateral Lunge?
183,Do I need any equipment to perform Lateral Lunges?
183,What type of activity classification does the Lateral Lunge fall under?
184,What type of exercise is the Seated Machine Row?
184,Which muscle groups are primarily activated during the Seated Machine Row?
184,What should I do with my feet while using the Seated Machine Row?
184,Can you describe the starting position for the Seated Machine Row?
184,Is the Seated Machine Row primarily an upper body or lower body exercise?
185,What position should I take on the decline bench for the Decline Russian Twist?
185,How should I move my torso during the Decline Russian Twist?
185,Which muscle groups are primarily targeted by the Decline Russian Twist exercise?
185,Is any equipment required for performing the Decline Russian Twist?
185,What is the main type of movement involved in the Decline Russian Twist?
186,What is the Deadlift High Pull exercise primarily designed to work on?
186,What type of equipment do I need to perform the Deadlift High Pull?
186,Can you explain the steps involved in executing the Deadlift High Pull properly?
186,What muscle groups are activated during the Deadlift High Pull?
186,Is the Deadlift High Pull considered a strength exercise or a cardio exercise?
187,What is the correct grip for the Reverse Grip Lat Pulldown exercise?
187,Which muscles are primarily targeted when performing the Reverse Grip Lat Pulldown?
187,Can you explain the proper sitting position for this exercise?
187,How should I return the bar after pulling it down to my chest?
187,What type of equipment do I need for the Reverse Grip Lat Pulldown?
188,What equipment do I need to perform the Cable Lateral Lunge?
188,Which body parts are primarily targeted by this exercise?
188,Can you explain the steps for executing a Cable Lateral Lunge?
188,Is this exercise suitable for building strength in my lower body?
188,What muscle groups will I activate when doing the Cable Lateral Lunge?
189,What is the starting position for a Pike Push-Up?
189,Which body parts are primarily worked during a Pike Push-Up?
189,What type of equipment is needed for performing a Pike Push-Up?
189,Can you explain how to correctly perform a Pike Push-Up?
189,Is the Pike Push-Up classified as a strength exercise?
190,What muscles are primarily worked by the One-Arm Dumbbell Snatch exercise?
190,Can you describe the starting position for the One-Arm Dumbbell Snatch?
190,Is the One-Arm Dumbbell Snatch considered a strength exercise?
190,What type of equipment do I need to perform the One-Arm Dumbbell Snatch?
190,How should I perform the motion of the One-Arm Dumbbell Snatch?
191,What equipment do I need to perform the Cable Front Squat effectively?
191,Which muscle groups are primarily activated during the Cable Front Squat exercise?
191,Can you describe the correct stance and positioning for this exercise?
191,What is the proper way to hold the rope handle while doing the Cable Front Squat?
191,"Is the Cable Front Squat suitable for beginners, and what should they keep in mind?"
192,What is the primary equipment used for the Tire Flip exercise?
192,Which muscles are primarily activated during the Tire Flip?
192,Can you describe the initial position for performing the Tire Flip?
192,What type of activity is the Tire Flip classified under?
192,Is the Tire Flip considered a full body workout?
193,What is the primary muscle group worked during the Smith Machine Calf Raise?
193,What equipment do I need to perform the Smith Machine Calf Raise?
193,Can you describe the starting position for this exercise?
193,What action do I take after raising my heels in the Smith Machine Calf Raise?
193,"Is this exercise categorized as a strength activity, and if so, what type?"
194,What is the starting position for the Pistol Squat to Box exercise?
194,Which muscles are primarily worked during the Pistol Squat to Box?
194,What equipment is needed to perform the Pistol Squat to Box?
194,Can the Pistol Squat to Box be performed without any equipment?
194,What is the main movement involved in the Pistol Squat to Box exercise?
195,What is the Standing Chest Fly and what type of activity is it?
195,Which equipment do I need to perform the Standing Chest Fly?
195,What part of the body does the Standing Chest Fly primarily target?
195,Can you explain how to properly perform the Standing Chest Fly?
195,What muscle groups are activated when doing the Standing Chest Fly?
196,What type of exercise is the Sled Drag classified as?
196,What equipment do I need for the Sled Drag exercise?
196,Which muscle groups are activated during the Sled Drag?
196,Can the Sled Drag be performed walking or running backwards?
196,What body part does the Sled Drag primarily target?
197,What equipment do I need for the Cable Hammer Curl?
197,Which muscles are primarily targeted by the Cable Hammer Curl?
197,Can you describe the proper stance for performing a Cable Hammer Curl?
197,What grip should I use while curling the handle in the Cable Hammer Curl?
197,Is the Cable Hammer Curl considered a strength exercise?
198,What is the proper starting position for the Cable Tricep Overhead Extension?
198,How do I ensure my arms are fully extended during the exercise?
198,Which muscle groups are primarily targeted by the Cable Tricep Overhead Extension?
198,What type of exercise is the Cable Tricep Overhead Extension classified as?
198,What equipment do I need to perform the Cable Tricep Overhead Extension?
199,What is the targeted muscle group when performing the Seated Cable Row?
199,What type of exercise is the Seated Cable Row considered?
199,How should I position my feet during the Seated Cable Row?
199,Can you explain the proper movement for the Seated Cable Row?
199,What type of equipment do I need for the Seated Cable Row?
200,What is the primary muscle group targeted by the Lying Dumbbell Tricep Extension exercise?
200,What equipment do I need to perform the Lying Dumbbell Tricep Extension?
200,Can you describe how to properly execute the Lying Dumbbell Tricep Extension?
200,Is the Lying Dumbbell Tricep Extension considered a push exercise?
200,Which part of the body does the Lying Dumbbell Tricep Extension mainly work on?
201,What is the proper way to perform a weighted pull-up?
201,Which muscle groups are primarily activated during a weighted pull-up?
201,Do I need any specific equipment for weighted pull-ups?
201,What part of the body does a weighted pull-up target?
201,Can I use dumbbells for the weighted pull-up exercise?
202,What is the primary muscle group targeted by the Incline Dumbbell Row exercise?
202,How should I position my body when performing the Incline Dumbbell Row?
202,What type of equipment do I need for the Incline Dumbbell Row?
202,Can you explain the movement I need to perform during the Incline Dumbbell Row?
202,Is the Incline Dumbbell Row classified as a push or pull exercise?
203,What is the primary muscle group targeted by the Machine Lat Pulldown exercise?
203,What type of activity is the Machine Lat Pulldown classified as?
203,What specific grip should I use when performing the Machine Lat Pulldown?
203,Can you describe the proper starting position for the Machine Lat Pulldown?
203,Which body part does the Machine Lat Pulldown primarily focus on?
204,What equipment do I need for the One-Arm Cable Row exercise?
204,Which muscle groups are primarily worked during the One-Arm Cable Row?
204,Can you explain the basic instructions for performing a One-Arm Cable Row?
204,Is the One-Arm Cable Row a strength exercise or a cardio exercise?
204,Which body part does the One-Arm Cable Row primarily target?
205,What equipment do I need to perform the Face Pull exercise?
205,Which muscle groups are targeted when doing Face Pulls?
205,Can you describe the correct technique for executing a Face Pull?
205,What part of the body does the Face Pull primarily work on?
205,Is the Face Pull considered a pull or push exercise?
206,What is the primary muscle group targeted by the Dumbbell Bench Press?
206,What equipment do I need to perform the Dumbbell Bench Press?
206,Can you describe the proper starting position for the Dumbbell Bench Press?
206,What type of exercise is the Dumbbell Bench Press classified as?
206,Which part of the body does the Dumbbell Bench Press mainly engage?
